factor_id,factor_name,factor_group,signal_domain,primary_market,market_scope,source_type,source_table,measurement_window,review_horizon_d,expected_lag_d,direction_when_rising,affected_markets,evidence,invalidation,boundary,status,last_updated
cn_credit_expansion,中国信用扩张,china_macro,monetary,Ashare,Ashare;HK;Commodities;FX,macro_seed,marketgraph_macro_cross_asset.py,monthly,20,5,risk_on,Ashare;HK;industrial;materials,宏观跨资产种子：信用扩张通常改善风险偏好、基建链需求和周期资产流动性。,社融扩张但企业盈利、价格或成交不跟随；或政策转向收紧。,宏观跨资产因子只用于研究、风控、预测解释和复盘，不直接放宽任何市场交易门禁。,active_seed,2026-06-27
brent_crude_up,原油价格上行,commodities,commodity,Commodities,Commodities;Ashare;FX;Inflation,macro_seed,marketgraph_macro_cross_asset.py,daily,5,0,inflation_pressure,energy;air_transport;chemical_materials;inflation,宏观跨资产种子：油价上行先影响能源和通胀预期，再压制航空、化工等成本敏感行业。,需求衰退导致油价上涨不可持续，或成本端被票价/产品涨价完全传导。,宏观跨资产因子只用于研究、风控、预测解释和复盘，不直接放宽任何市场交易门禁。,active_seed,2026-06-27
copper_price_up,铜价上行,commodities,commodity,Commodities,Commodities;Ashare;GlobalMacro,macro_seed,marketgraph_macro_cross_asset.py,daily,10,1,cyclical_growth,materials;industrial;new_energy_vehicle,宏观跨资产种子：铜价通常同时反映全球制造需求和供给约束，对有色、设备和电网链有传导。,铜价由短期逼仓驱动而非需求改善，或库存快速回补。,宏观跨资产因子只用于研究、风控、预测解释和复盘，不直接放宽任何市场交易门禁。,active_seed,2026-06-27
gold_price_up,黄金价格上行,commodities,commodity,Commodities,Commodities;Rates;FX;Ashare,macro_seed,marketgraph_macro_cross_asset.py,daily,5,0,risk_hedge,gold;minor_metals;risk_off,宏观跨资产种子：黄金上行可能来自实际利率下行、避险或央行购金，需拆分驱动。,黄金上涨由单日避险驱动且实际利率/美元未配合。,宏观跨资产因子只用于研究、风控、预测解释和复盘，不直接放宽任何市场交易门禁。,active_seed,2026-06-27
polymarket_event_probability_shift,预测市场事件概率快速变化,cross_asset_regime,politics,Polymarket,Polymarket;US;Ashare;FX;Commodities,macro_seed,marketgraph_macro_cross_asset.py,event,3,0,event_probability_up,policy_sensitive_assets;FX;Commodities,宏观跨资产种子：预测市场概率跳变可作为政策、选举、监管和地缘事件的跨资产提前信号。,盘口流动性差、操纵风险高或事件与资产传导不相关。,宏观跨资产因子只用于研究、风控、预测解释和复盘，不直接放宽任何市场交易门禁。,active_seed,2026-06-27
geopolitical_risk_up,地缘政治风险上行,global_macro,politics,cross_market,Ashare;US;HK;Commodities;Polymarket;FX,macro_seed,marketgraph_macro_cross_asset.py,event,5,0,risk_off,semiconductor;energy;gold;Polymarket,宏观跨资产种子：地缘风险会经供应链、能源价格、避险资产和预测市场概率同时传导。,事件快速降温，能源、避险资产和相关供应链价格没有共振。,宏观跨资产因子只用于研究、风控、预测解释和复盘，不直接放宽任何市场交易门禁。,active_seed,2026-06-27
us_ai_capex_cycle,美国 AI 资本开支周期,global_macro,research,US,US;Ashare;HK;Semiconductor,macro_seed,marketgraph_macro_cross_asset.py,quarterly,20,5,demand_up,ai_hardware_optical;semiconductor;data_center,宏观跨资产种子：云厂商 AI capex 指引通过订单、产能和供应链预期传导到光模块、服务器、半导体。,capex 指引上调但订单、交付或毛利未兑现。,宏观跨资产因子只用于研究、风控、预测解释和复盘，不直接放宽任何市场交易门禁。,active_seed,2026-06-27
crypto_global_liquidity_beta,Crypto 全球流动性 beta,liquidity_cycle,monetary,Crypto,Crypto;US;Rates;FX,macro_seed,marketgraph_macro_cross_asset.py,daily,5,0,risk_on,Crypto;high_beta_assets,宏观跨资产种子：全球流动性和美元环境变化通常影响 Crypto 风险偏好和杠杆条件。,Crypto 受监管、安全事件或链上去杠杆主导，宏观流动性解释失效。,宏观跨资产因子只用于研究、风控、预测解释和复盘，不直接放宽任何市场交易门禁。,active_seed,2026-06-27
pboc_liquidity_easing,央行流动性宽松,liquidity_cycle,monetary,Rates,Ashare;Rates;FX,macro_seed,marketgraph_macro_cross_asset.py,weekly,10,1,risk_on,Ashare;Rates;growth_style,宏观跨资产种子：流动性宽松先影响贴现率和风险偏好，再传导到成长和高弹性资产。,流动性宽松未带来成交、估值或信用利差改善。,宏观跨资产因子只用于研究、风控、预测解释和复盘，不直接放宽任何市场交易门禁。,active_seed,2026-06-27
us_real_yield_up,美国实际利率上行,rates_fx,monetary,Rates,US;Ashare;HK;Crypto;Gold,macro_seed,marketgraph_macro_cross_asset.py,daily,5,1,risk_off,Ashare;HK;US;Crypto;Gold,宏观跨资产种子：实际利率上行提高贴现率，通常压制长久期成长资产和无现金流资产。,实际利率上行同时伴随盈利预期更强，风险资产不跌反涨。,宏观跨资产因子只用于研究、风控、预测解释和复盘，不直接放宽任何市场交易门禁。,active_seed,2026-06-27
usd_cnh_up,美元兑人民币上行,rates_fx,monetary,FX,Ashare;HK;FX;Commodities,macro_seed,marketgraph_macro_cross_asset.py,daily,5,0,risk_off,Ashare;HK;exporters;import_cost,宏观跨资产种子：人民币贬值压力会影响外资风险偏好、进口成本和出口收入弹性。,汇率变化被出口订单或政策稳定预期抵消。,宏观跨资产因子只用于研究、风控、预测解释和复盘，不直接放宽任何市场交易门禁。,active_seed,2026-06-27
extreme_weather_agri_supply,极端天气影响农产品供给,weather,weather,Commodities,Commodities;Inflation;Ashare,macro_seed,marketgraph_macro_cross_asset.py,event,10,3,supply_shock,agriculture;food_inflation;consumer,宏观跨资产种子：极端天气先影响农产品供给和通胀预期，再传导到食品、养殖和消费成本。,库存充足、进口替代或天气影响区域与主产区不匹配。,宏观跨资产因子只用于研究、风控、预测解释和复盘，不直接放宽任何市场交易门禁。,active_seed,2026-06-27
cn_7d_reverse_repo_rate,7天逆回购利率,china_macro,monetary,Ashare,Ashare;Rates;FX,external_source,web_search,daily,5,1,risk_off,Ashare;Rates;growth_style,外部采集：2026年6月，央行7天期逆回购操作利率维持1.4%（财新网/央行公告）。来源：中国人民银行公开市场业务公告 / 财新网 / 东方财富。单位：%。,逆回购利率下调但市场利率、LPR或信贷未跟随；或央行转向紧缩。,宏观跨资产因子只用于研究、风控、预测解释和复盘，不直接放宽任何市场交易门禁。,active_data,2026-06-25T15:30:00
cn_5y_lpr,5年期LPR,china_macro,monetary,Ashare,Ashare;HK;Rates,external_source,web_search,monthly,10,1,risk_off,Ashare;HK;property;credit_sensitive,外部采集：2026年6月22日，中国人民银行授权全国银行间同业拆借中心公布，5年期以上LPR为3.5%，连续13个月维持不变。来源：中国人民银行 / 全国银行间同业拆借中心。单位：%。,LPR下调但信贷需求、企业融资或房地产销售未响应；或政策转向收紧。,宏观跨资产因子只用于研究、风控、预测解释和复盘，不直接放宽任何市场交易门禁。,active_data,2026-06-25T15:30:00
cn_m2_yoy,M2同比,china_macro,monetary,Ashare,Ashare;Commodities;FX,external_source,web_search,monthly,10,5,risk_on,Ashare;Commodities;liquidity_sensitive,外部采集：2026年5月末，广义货币(M2)余额353.67万亿元，同比增长8.6%，与上月持平。来源：中国人民银行（2026-06-12发布）。单位：%。,M2增长但资金空转严重、实体信贷未改善；或M2增速由财政存款扰动导致。,宏观跨资产因子只用于研究、风控、预测解释和复盘，不直接放宽任何市场交易门禁。,active_data,2026-06-25T15:30:00
cn_social_financing_stock_yoy,社融存量同比,china_macro,monetary,Ashare,Ashare;HK;Commodities,external_source,web_search,monthly,10,5,risk_on,Ashare;HK;industrial;infrastructure,外部采集：2026年5月末，社会融资规模存量458.81万亿元，同比增长7.7%。来源：中国人民银行（2026-06-12发布）。单位：%。,社融扩张但企业盈利、价格或成交不跟随；或政府债券融资占比过高而私人部门信贷未改善。,宏观跨资产因子只用于研究、风控、预测解释和复盘，不直接放宽任何市场交易门禁。,active_data,2026-06-25T15:30:00
cn_10y_govt_bond_yield,中国10年期国债收益率,rates_fx,monetary,Rates,Ashare;HK;Rates;Gold,external_source,web_search,daily,5,1,risk_off,Ashare;HK;Rates;Gold;long_duration,外部采集：2026-06-25，中国货币网10年期国债收益率1.7632%，财政部国债收益率曲线10年期约1.74%（2026-06-25）。来源：中国货币网 / 财政部 / 中国债券信息网。单位：%。,10年期国债收益率上行但央行转向宽松、或经济数据意外走弱导致收益率快速回落。,宏观跨资产因子只用于研究、风控、预测解释和复盘，不直接放宽任何市场交易门禁。,active_data,2026-06-25T17:51:35
cn_2y_govt_bond_yield,中国2年期国债收益率,rates_fx,monetary,Rates,Ashare;Rates;FX,external_source,web_search,daily,5,1,risk_off,Ashare;Rates;short_duration,外部采集：2026-06-25，财政部国债收益率曲线2年期约1.25%，中债登2年期约1.2562%（2026-06-24）。来源：财政部 / 中国债券信息网。单位：%。,2年期国债收益率上行但央行转向宽松、或经济数据意外走弱导致收益率快速回落。,宏观跨资产因子只用于研究、风控、预测解释和复盘，不直接放宽任何市场交易门禁。,active_data,2026-06-25T17:51:35
cn_yield_curve_10y2y_spread,中债期限利差(10Y-2Y),rates_fx,monetary,Rates,Ashare;Rates;FX,external_source,web_search,daily,10,1,risk_on,Ashare;Rates;cyclical,外部采集：2026-06-25，基于中国货币网10年期1.7632% - 财政部2年期1.25% = 约0.51%（51BP）。来源：中国货币网 / 财政部（计算值）。单位：百分点。,期限利差扩大由短期流动性危机而非增长预期驱动；或央行扭曲操作导致。,宏观跨资产因子只用于研究、风控、预测解释和复盘，不直接放宽任何市场交易门禁。,active_data,2026-06-25T17:51:35
cn_pmi_manufacturing,制造业PMI,china_macro,macro,Ashare,Ashare;Commodities;FX,external_source,web_search,monthly,10,2,risk_on,Ashare;industrial;Commodities;materials,外部采集：2026年5月，制造业采购经理指数（PMI）为50.0%，比上月下降0.3个百分点，位于临界点。来源：国家统计局（2026-05-31发布）。单位：%。,PMI扩张但新订单、出口订单或企业盈利未跟随；或季节性因素导致临时回升。,宏观跨资产因子只用于研究、风控、预测解释和复盘，不直接放宽任何市场交易门禁。,active_data,2026-06-25T15:30:00
cn_ppi_yoy,PPI同比,china_macro,macro,Ashare,Ashare;Commodities;FX,external_source,web_search,monthly,10,2,mixed,Ashare;materials;energy;consumer,外部采集：2026年5月，全国工业生产者出厂价格同比上涨3.9%，环比上涨0.5%。来源：国家统计局（2026-06-10发布）。单位：%。,PPI上行但由一次性能源或基数效应驱动，核心工业品价格未跟进；或需求端疲弱导致不可持续。,宏观跨资产因子只用于研究、风控、预测解释和复盘，不直接放宽任何市场交易门禁。,active_data,2026-06-25T15:30:00
cn_exports_yoy,出口同比,china_macro,macro,Ashare,Ashare;FX;Commodities,external_source,web_search,monthly,10,5,risk_on,Ashare;FX;industrial;shipping,外部采集：2026年5月，中国货物贸易出口2.59万亿元人民币，同比增长13.8%；以美元计出口3767.8亿美元，同比增长19.4%。来源：海关总署（2026-06-09发布）。单位：%。,出口增长由价格效应而非数量驱动；或海外需求快速回落导致不可持续。,宏观跨资产因子只用于研究、风控、预测解释和复盘，不直接放宽任何市场交易门禁。,active_data,2026-06-25T15:30:00
cn_fx_reserves,外汇储备,china_macro,monetary,FX,Ashare;FX;Commodities,external_source,web_search,monthly,5,0,mixed,FX;Ashare;capital_flow_sensitive,外部采集：截至2026年5月末，我国外汇储备规模为34422亿美元，较4月末上升317亿美元，升幅0.93%。来源：国家外汇管理局（2026-06-07发布）。单位：亿美元。,外汇储备上升由汇率折算和资产价格波动导致，而非真实资本流入；或央行干预消耗外储。,宏观跨资产因子只用于研究、风控、预测解释和复盘，不直接放宽任何市场交易门禁。,active_data,2026-06-25T15:30:00
cn_property_fai_yoy,房地产开发投资同比,china_macro,macro,Ashare,Ashare;HK;Commodities,external_source,web_search,monthly,20,5,risk_on,Ashare;HK;property;construction;materials,外部采集：2026年1-5月，全国房地产开发投资30356亿元，同比下降16.2%。来源：国家统计局（2026-06-16发布）。单位：%。,地产投资回升由政策刺激但销售未跟随；或房企现金流仍紧张导致开工不可持续。,宏观跨资产因子只用于研究、风控、预测解释和复盘，不直接放宽任何市场交易门禁。,active_data,2026-06-25T15:30:00
cn_new_home_sales_yoy,商品房销售面积同比,china_macro,macro,Ashare,Ashare;HK;Commodities,external_source,web_search,monthly,20,5,risk_on,Ashare;HK;property;consumer;home_appliance,外部采集：2026年1-5月，新建商品房销售面积31320万平方米，同比下降10.8%。来源：国家统计局（2026-06-16发布）。单位：%。,销售回升由降价促销而非真实需求恢复；或库存高企导致价格进一步下跌。,宏观跨资产因子只用于研究、风控、预测解释和复盘，不直接放宽任何市场交易门禁。,active_data,2026-06-25T15:30:00
ashare_margin_balance,A股融资余额,liquidity_cycle,monetary,Ashare,Ashare,external_source,web_search,daily,5,0,risk_on,Ashare;high_beta;growth_style,外部采集：截至2026-06-24，沪深两融余额约29926.76亿元（上交所15102.74亿元 + 深交所14731.85亿元 + 北交所92.17亿元）。来源：同花顺数据中心 / 交易所公开数据。单位：亿元。,融资余额上升但成交萎缩或市场下跌，杠杆资金被迫平仓。,宏观跨资产因子只用于研究、风控、预测解释和复盘，不直接放宽任何市场交易门禁。,active_data,2026-06-25T15:30:00
cn_credit_spread,信用利差,rates_fx,monetary,Rates,Ashare;Rates;FX,macro_seed,marketgraph_macro_cross_asset.py,daily,5,0,risk_off,Ashare;Rates;credit_sensitive,宏观跨资产种子：信用利差（如AA企业债与同期限国债收益率差）反映市场对企业违约风险的定价。来源：中债估值 / 彭博 / Wind。单位：BP。,信用利差扩大由流动性冲击而非基本面恶化驱动；或央行快速宽松导致利差收窄。,宏观跨资产因子只用于研究、风控、预测解释和复盘，不直接放宽任何市场交易门禁。,active_seed,2026-06-25
cn_fiscal_revenue_yoy,财政收入同比,china_macro,macro,Ashare,Ashare;HK;Commodities,macro_seed,marketgraph_macro_cross_asset.py,monthly,20,5,risk_on,Ashare;infrastructure;consumer,宏观跨资产种子：财政收入增速反映政府财力与财政扩张空间，是财政政策和基建投资的前置观察。来源：财政部 / 国家统计局。单位：%。,财政收入上升由一次性税收或资产处置驱动，而非可持续经济增长；或减税降费导致增速下降。,宏观跨资产因子只用于研究、风控、预测解释和复盘，不直接放宽任何市场交易门禁。,active_seed,2026-06-25
cn_special_bond_issuance,专项债发行节奏,china_macro,macro,Ashare,Ashare;HK;Commodities,macro_seed,marketgraph_macro_cross_asset.py,monthly,20,5,risk_on,Ashare;infrastructure;construction;materials,宏观跨资产种子：专项债发行规模和节奏是财政政策力度和基建资金到位的前置指标。来源：财政部 / 中国债券信息网。单位：亿元/月。,专项债发行加速但项目开工滞后或资金沉淀；或地方债务约束导致实际支出受限。,宏观跨资产因子只用于研究、风控、预测解释和复盘，不直接放宽任何市场交易门禁。,active_seed,2026-06-25
us_10y_yield,美国10年期国债收益率,rates_fx,monetary,Rates,US;Ashare;HK;Crypto;Gold,external_source,web_search,daily,5,1,risk_off,US;Ashare;HK;Crypto;Gold;long_duration,外部采集：2026-06-25，美国10年期国债收益率约4.4138%（东方财富，今开4.3961，昨收4.3961，最高4.4178，最低4.3902，涨0.40%），财联社盘中记录最低4.396%。来源：东方财富 / 财联社 / 新浪财经。单位：%。,10年期国债收益率上行但美联储转向宽松、或经济数据意外走弱导致收益率快速回落。,宏观跨资产因子只用于研究、风控、预测解释和复盘，不直接放宽任何市场交易门禁。,active_data,2026-06-25T17:51:35
cn_1y_lpr,中国1年期LPR,china_macro,monetary,Ashare,Ashare;HK;Rates,external_source,web_search,monthly,10,1,risk_off,Ashare;HK;credit_sensitive,外部采集：2026年6月22日，中国人民银行授权全国银行间同业拆借中心公布，1年期LPR为3.0%，与上月持平。来源：中国人民银行 / 全国银行间同业拆借中心。,1年期LPR下调但企业融资、信贷需求或短期利率未跟随；或政策转向收紧。,宏观跨资产因子只用于研究、风控、预测解释和复盘，不直接放宽任何市场交易门禁。,active_data,2026-06-25T14:07:55
usd_cnh_spot,美元兑离岸人民币,rates_fx,monetary,FX,Ashare;HK;FX;Commodities,external_source,web_search,daily,5,0,risk_off,Ashare;HK;exporters;import_cost,外部采集：2026-06-25，美元兑离岸人民币(USDCNH)报6.8071（东方财富），USD/CNY即期6.8209（中国外汇交易中心）。来源：东方财富 / 中国外汇交易中心。,汇率变化被出口订单或政策稳定预期抵消。,宏观跨资产因子只用于研究、风控、预测解释和复盘，不直接放宽任何市场交易门禁。,active_data,2026-06-25T14:07:55
brent_crude_spot,布伦特原油现货,commodities,commodity,Commodities,Commodities;Ashare;FX;Inflation,external_source,web_search,daily,5,0,inflation_pressure,energy;air_transport;chemical_materials;inflation,外部采集：2026-06-25，布伦特原油当月连续(B00Y)报约72.77美元/桶（东方财富，昨结73.87，跌1.49%），ICE Brent 2026-09合约约73.35美元/桶（investing.com，开盘73.47，最高73.72，最低73.14，跌0.70%）。来源：东方财富 / ICE / investing.com。单位：美元/桶。,需求衰退导致油价上涨不可持续，或成本端被票价/产品涨价完全传导。,宏观跨资产因子只用于研究、风控、预测解释和复盘，不直接放宽任何市场交易门禁。,active_data,2026-06-25T17:51:35
iron_ore_spot,铁矿石现货,commodities,commodity,Commodities,Commodities;Ashare;HK;GlobalMacro,external_source,web_search,daily,10,1,cyclical_growth,materials;steel;industrial;construction,外部采集：2026-06-23，北铁指数（61%青岛）698.00元/湿吨（-5.00），美元折算价95.49美元/干吨（-0.84）。来源：北京铁矿石交易中心 / 新浪财经。,铁矿石价格由短期补库驱动而非真实需求改善，或库存快速回补。,宏观跨资产因子只用于研究、风控、预测解释和复盘，不直接放宽任何市场交易门禁。,active_data,2026-06-25T14:07:55
cn_cpi_yoy,中国CPI同比,china_macro,macro,Ashare,Ashare;HK;Commodities;FX,external_source,web_search,monthly,10,2,mixed,Ashare;consumer;food;monetary_policy,外部采集：2026年5月中国CPI同比上涨1.2%，环比下降0.1%，核心CPI同比1.1%。来源：国家统计局（2026-06-10发布）。,CPI上行由食品或能源一次性驱动，核心CPI未跟进；或需求疲弱导致通缩。,宏观跨资产因子只用于研究、风控、预测解释和复盘，不直接放宽任何市场交易门禁。,active_data,2026-06-25T14:07:55
us_cpi_yoy,美国CPI同比,global_macro,macro,US,US;Ashare;HK;Rates,external_source,web_search,monthly,10,2,inflation_pressure,US;Ashare;HK;Rates;Fed_policy,外部采集：2026年5月美国CPI同比上涨4.2%（前值3.8%），核心CPI同比2.9%（前值2.8%）。来源：美国劳工统计局（BLS，2026-06-10发布）。,CPI上行由能源或食品一次性驱动，核心CPI未跟进；或美联储预期管理导致利率预期变化。,宏观跨资产因子只用于研究、风控、预测解释和复盘，不直接放宽任何市场交易门禁。,active_data,2026-06-25T14:07:55
us_fed_funds_rate,美国联邦基金利率,rates_fx,monetary,US,US;Ashare;HK;Rates;FX;Commodities,external_source,web_search,event,5,1,risk_off,US;Ashare;HK;Rates;Gold;Crypto,外部采集：2026年6月17日，FOMC投票一致（12-0）维持联邦基金利率目标区间在3.50%-3.75%，有效利率3.63%。这是连续第四次维持不变。点阵图显示9位官员支持年内加息，8位支持按兵不动，1位支持降息。沃什首秀取消前瞻指引，宣布成立五大专项工作组。来源：Federal Reserve / FOMC Statement / 中信证券 / 财联社。单位：%。,美联储意外降息或转向宽松；或经济数据意外走弱导致市场预期逆转。,宏观跨资产因子只用于研究、风控、预测解释和复盘，不直接放宽任何市场交易门禁。,active_data,2026-06-25T17:51:35
us_2y_treasury_yield,美国2年期国债收益率,rates_fx,monetary,US,US;Ashare;HK;Rates,external_source,web_search,daily,5,1,risk_off,US;Rates;short_duration,外部采集：2026-06-25，美国2年期国债收益率约4.178%（新浪财经，跌0.90%），6月23日约4.16%（Fed H.15），6月22日约4.24%。来源：Federal Reserve H.15 / 新浪财经 / convextrade.com。单位：%。,2Y收益率下行但美联储转向鹰派或通胀重新加速。,宏观跨资产因子只用于研究、风控、预测解释和复盘，不直接放宽任何市场交易门禁。,active_data,2026-06-25T17:51:35
us_yield_curve_10y2y,美债期限利差(10Y-2Y),rates_fx,monetary,US,US;Ashare;HK;Rates,external_source,web_search,daily,10,1,risk_on,US;Rates;cyclical,外部采集：2026-06-25，基于东方财富10Y约4.4138% - 2Y约4.178% = 约0.24%（24BP），2026-06-15 GuruFocus记录10-2利差为0.40%。来源：东方财富 / Federal Reserve H.15 / GuruFocus。单位：百分点。,利差扩大由衰退预期而非增长预期驱动；或期限溢价结构性变化。,宏观跨资产因子只用于研究、风控、预测解释和复盘，不直接放宽任何市场交易门禁。,active_data,2026-06-25T17:51:35
us_dxy_index,美元指数(DXY),rates_fx,monetary,FX,Ashare;HK;US;FX;Commodities,external_source,web_search,daily,5,0,risk_off,Ashare;HK;Commodities;emerging_markets;gold,外部采集：2026-06-25，DXY约101.53（Yahoo Finance，开盘101.60，最高101.65，最低101.47，收盘101.53），6月24日约101.61。过去一个月美元走强约2.41%，过去12个月上涨4.54%。来源：Yahoo Finance / Trading Economics / MarketWatch / CME / ICE。单位：指数。,美元走强但美联储转向宽松或美国基本面恶化；或其他央行更鹰派。,宏观跨资产因子只用于研究、风控、预测解释和复盘，不直接放宽任何市场交易门禁。,active_data,2026-06-25T17:51:35
ecb_deposit_rate,欧央行存款便利利率,rates_fx,monetary,Rates,US;EUR;Ashare;HK;FX,external_source,web_search,event,5,1,risk_off,EUR;US;global_rates,外部采集：2026-06-11，ECB决定上调三大关键利率25BP，存款便利利率升至2.25%（6月17日生效）。主再融资利率2.40%，边际贷款利率2.65%。来源：ECB官网 / ECB Monetary Policy Decision / Statista。单位：%。,ECB转向宽松或欧元区经济衰退迫使降息；或美联储更鹰派导致欧元相对走弱。,宏观跨资产因子只用于研究、风控、预测解释和复盘，不直接放宽任何市场交易门禁。,active_data,2026-06-25T16:00:00
boj_policy_rate,日本央行政策利率,rates_fx,monetary,Rates,JPY;US;Ashare;HK;FX,external_source,web_search,event,5,1,risk_off,JPY;carry_trade;global_liquidity,外部采集：2026-06-16，日本央行以7-1多数票将政策利率上调25BP至1.00%，为1995年9月以来最高。此前利率为0.75%（自2025年12月维持）。来源：Bank of Japan Monetary Policy Meeting / boj.or.jp / Trading Economics。单位：%。,日本央行暂停加息或回归宽松；或全球经济衰退迫使日本维持低利率。,宏观跨资产因子只用于研究、风控、预测解释和复盘，不直接放宽任何市场交易门禁。,active_data,2026-06-25T16:00:00
us_vix_index,VIX波动率指数,global_macro,macro,US,US;Ashare;HK;FX;Commodities;Crypto,external_source,web_search,daily,5,0,risk_off,US;Ashare;HK;Crypto;high_beta,外部采集：2026-06-25，VIX约18.02（Cboe/Yahoo Finance，跌3.27%），6月24日约18.63，6月23日约19.49。52周区间13.38-35.30。来源：Cboe / Yahoo Finance / Trading Economics。单位：指数。,VIX飙升但为单一事件驱动且快速回落；或市场已充分对冲。,宏观跨资产因子只用于研究、风控、预测解释和复盘，不直接放宽任何市场交易门禁。,active_data,2026-06-25T17:51:35
us_initial_jobless_claims,美国初请失业金人数,global_macro,macro,US,US;Ashare;HK;FX,external_source,web_search,weekly,5,1,risk_off,US;labor_sensitive;consumer,"外部采集：截至2026-06-13当周，美国初请失业金人数226,000人（前值230,000），四周移动均线约219,000。续请失业金人数1,810,000（近三个月最高）。来源：U.S. Department of Labor / DOL / Trading Economics / FRED。单位：千人。",初请上升但为季节性扰动或单周异常；或就业市场结构性变化导致数据失真。,宏观跨资产因子只用于研究、风控、预测解释和复盘，不直接放宽任何市场交易门禁。,active_data,2026-06-25T16:00:00
us_china_10y_spread,中美10年期国债利差,rates_fx,monetary,FX,Ashare;HK;US;FX,external_source,web_search,daily,5,1,risk_off,Ashare;HK;CNH;capital_flow,外部采集：2026-06-25，美国10Y国债收益率约4.4138%（东方财富），中国10Y国债收益率约1.7632%（中国货币网），利差约265BP（4.4138% - 1.7632% = 2.6506%）。来源：东方财富 / 中国货币网。单位：百分点（BP）。,利差扩大但由中国经济走强或美国衰退预期驱动，而非资本外流。,宏观跨资产因子只用于研究、风控、预测解释和复盘，不直接放宽任何市场交易门禁。,active_data,2026-06-25T17:51:35
global_central_bank_divergence,全球央行政策分化,global_macro,monetary,cross_market,US;EUR;JPY;Ashare;HK;FX;Commodities,macro_seed,marketgraph_macro_cross_asset.py,event,10,1,mixed,FX;global_liquidity;risk_assets,宏观跨资产种子：美联储/欧央行/日央行/中国央行的政策节奏差异（如美联储鹰派+欧央行鹰派+日央行加息+中国宽松）构成全球流动性环境和风险偏好的结构性变量。来源：各央行FOMC/ECB/BOJ/PBOC公告。单位：定性/综合。,各央行政策同步转向（同紧或同松），分化消失。,宏观跨资产因子只用于研究、风控、预测解释和复盘，不直接放宽任何市场交易门禁。,active_seed,2026-06-25
global_al_lme,LME铝现货,commodities,commodity,Commodities,Commodities;Ashare;GlobalMacro,external_source,web_search,daily,10,1,cyclical_growth,materials;aluminum;industrial;construction,外部采集：2026-06-24 LME铝现货约3119 USD/T（TradingEconomics），6月19日LME 3个月铝约3398 USD/t。6月初曾触及约3795 USD/t高点后回落。来源：Trading Economics / LME / Worthwill Aluminium。单位：USD/T。,铝价由短期逼仓或宏观恐慌驱动而非真实需求改善；或库存快速回补。,宏观跨资产因子只用于研究、风控、预测解释和复盘，不直接放宽任何市场交易门禁。,active_data,2026-06-25T17:00:00
cn_lithium_carbonate,电池级碳酸锂,commodities,commodity,Commodities,Commodities;Ashare;GlobalMacro,external_source,web_search,daily,10,1,cyclical_growth,new_energy;battery;ev;materials,外部采集：2026年4月27日，Platts（S&P Global）评估电池级碳酸锂DDP中国约177500元/吨（$25974/mt）。2026年6月24日Metal.com参考价约20659 USD/tonne。来源：S&P Global Platts / Fastmarkets / Metal.com。单位：元/吨（中国）/ USD/tonne（国际）。,锂价由短期投机或期货逼仓驱动；或新能源汽车需求增速低于预期。,宏观跨资产因子只用于研究、风控、预测解释和复盘，不直接放宽任何市场交易门禁。,active_data,2026-06-25T17:00:00
global_corn_cbot,CBOT玉米,commodities,commodity,Commodities,Commodities;Ashare;Inflation,external_source,web_search,daily,10,1,cost_pressure,agriculture;food;consumer;animal_husbandry,外部采集：2026年6月5日，CBOT玉米7月期货约414.25美分/蒲式耳。来源：Barchart / CME Group / 东方财富。单位：美分/蒲式耳。,玉米价格由天气或季节性因素驱动；或全球需求走弱。,宏观跨资产因子只用于研究、风控、预测解释和复盘，不直接放宽任何市场交易门禁。,active_data,2026-06-25T17:00:00
global_soybean_cbot,CBOT大豆,commodities,commodity,Commodities,Commodities;Ashare;Inflation,external_source,web_search,daily,10,1,cost_pressure,agriculture;food;consumer;animal_husbandry,外部采集：2026年6月23日，CBOT大豆7月期货约1122.25美分/蒲式耳。来源：Barchart / CME Group / Farmers Pride Coop。单位：美分/蒲式耳。,大豆价格由南美供应或中美贸易政策驱动；或全球需求走弱。,宏观跨资产因子只用于研究、风控、预测解释和复盘，不直接放宽任何市场交易门禁。,active_data,2026-06-25T17:00:00
global_wheat_cbot,CBOT小麦,commodities,commodity,Commodities,Commodities;Ashare;Inflation,external_source,web_search,daily,10,1,cost_pressure,agriculture;food;consumer,外部采集：2026年6月5日，CBOT小麦7月期货约580美分/蒲式耳。来源：Barchart / CME Group / Agriculture.com。单位：美分/蒲式耳。,小麦价格由黑海供应或天气驱动；或全球需求走弱。,宏观跨资产因子只用于研究、风控、预测解释和复盘，不直接放宽任何市场交易门禁。,active_data,2026-06-25T17:00:00
us_credit_hy_oas,美国高收益债信用利差,global_macro,credit,US,US;Ashare;HK;Crypto;FX,external_source,web_search,daily,5,0,risk_off,US;Ashare;HK;Crypto;high_beta;credit_sensitive,外部采集：2026年6月23日，ICE BofA US High Yield Index Option-Adjusted Spread约271BP（2.71%）。2026年6月19日约283BP。来源：FRED (BAMLH0A0HYM2) / Macrotrends.net / ICE。单位：BP。,信用利差由流动性冲击而非基本面驱动；或美联储快速宽松导致利差收窄。,宏观跨资产因子只用于研究、风控、预测解释和复盘，不直接放宽任何市场交易门禁。,active_data,2026-06-25T17:00:00
us_credit_ig_spread,美国投资级信用利差,global_macro,credit,US,US;Ashare;HK;Rates;FX,external_source,web_search,daily,5,0,risk_off,US;Ashare;HK;credit_sensitive;long_duration,外部采集：2026年4月，BBB option-adjusted spreads约100BP，接近25年低点。2026年6月BAA-Treasury spread约187BP（Normal regime）。来源：MarketXLS / ConvexTrade / ICE BofA / Moody's。单位：BP。,利差由美联储政策或期限溢价变化驱动；或经济衰退预期导致利差反常收窄。,宏观跨资产因子只用于研究、风控、预测解释和复盘，不直接放宽任何市场交易门禁。,active_data,2026-06-25T17:00:00
global_stablecoin_mktcap,稳定币总市值,liquidity_cycle,monetary,Crypto,Crypto;US;Ashare;FX,external_source,web_search,daily,5,0,risk_on,Crypto;high_beta;global_liquidity;defi,外部采集：2026年6月，全球稳定币总市值约3199-3220亿美元（DefiLlama）。USDT约1890亿（59%），USDC约770亿（24%）。来源：DefiLlama / Coinlaw.io / Datawallet / AirdropBee。单位：亿美元。,稳定币市值由美元存款转移或监管驱动；或Crypto市场去杠杆导致。,宏观跨资产因子只用于研究、风控、预测解释和复盘，不直接放宽任何市场交易门禁。,active_data,2026-06-25T17:00:00
global_risk_off_composite,全球风险情绪综合指标,global_macro,macro,cross_market,US;Ashare;HK;Crypto;FX;Commodities,macro_seed,marketgraph_macro_cross_asset.py,daily,5,0,risk_off,global_risk_assets;high_beta;emerging_markets,宏观跨资产种子：综合VIX、HY OAS、DXY、期限利差和汇率波动构建的风险偏好代理指标。来源：多因子合成（VIX/Cboe + HY OAS/ICE + DXY/ICE + Yield Curve/Fed）。单位：综合指数（定性）。,单一因子快速反转但其他因子未共振；或央行同步宽松导致风险情绪全面修复。,宏观跨资产因子只用于研究、风控、预测解释和复盘，不直接放宽任何市场交易门禁。,active_seed,2026-06-25T17:00:00
cn_retail_sales_yoy,社会消费品零售总额同比,china_macro,macro,Ashare,Ashare;HK;Commodities;FX,external_source,web_search,monthly,10,2,risk_on,Ashare;consumer;retail;home_appliance,外部采集：2026年5月，社会消费品零售总额41090亿元，同比下降0.6%；1-5月累计206031亿元，同比增长1.4%。来源：国家统计局（2026-06-16发布）。单位：%。,零售销售增长由一次性促销或补贴驱动，而非真实消费恢复；或消费结构恶化导致可选消费持续走弱。,宏观跨资产因子只用于研究、风控、预测解释和复盘，不直接放宽任何市场交易门禁。,active_data,2026-06-25T16:21:36
cn_industrial_added_value_yoy,规模以上工业增加值同比,china_macro,macro,Ashare,Ashare;Commodities;FX,external_source,web_search,monthly,10,2,risk_on,Ashare;industrial;manufacturing;materials,外部采集：2026年5月，规模以上工业增加值同比实际增长4.5%，比上月加快0.4个百分点；1-5月累计同比增长5.4%。来源：国家统计局（2026-06-16发布）。单位：%。,工业增加值增长由低基数或库存周期驱动，而非真实需求改善；或出口增速回落导致生产不可持续。,宏观跨资产因子只用于研究、风控、预测解释和复盘，不直接放宽任何市场交易门禁。,active_data,2026-06-25T16:21:36
cn_fai_total_yoy,固定资产投资同比,china_macro,macro,Ashare,Ashare;HK;Commodities,external_source,web_search,monthly,20,5,risk_on,Ashare;infrastructure;construction;materials;equipment,外部采集：2026年1-5月，全国固定资产投资（不含农户）178512亿元，同比下降4.1%（按可比口径计算）；扣除房地产开发投资后同比下降1.2%。来源：国家统计局（2026-06-16发布）。单位：%。,投资回升由政策刺激但民间投资未跟随；或制造业投资持续下滑导致结构恶化。,宏观跨资产因子只用于研究、风控、预测解释和复盘，不直接放宽任何市场交易门禁。,active_data,2026-06-25T16:21:36
cn_shibor_3m,SHIBOR三个月,china_macro,monetary,Rates,Ashare;Rates;FX,external_source,web_search,daily,5,1,risk_off,Ashare;Rates;credit_sensitive;liquidity_sensitive,外部采集：2026-06-25，上海银行间同业拆放利率(SHIBOR)3个月期报1.4395%（全国银行间同业拆借中心/汇通财经，升0.35BP）。来源：www.shibor.sh.cn / CEIC / 汇通财经。单位：%。,SHIBOR上行但央行快速宽松或逆回购利率下调；或短期资金面扰动而非趋势性收紧。,宏观跨资产因子只用于研究、风控、预测解释和复盘，不直接放宽任何市场交易门禁。,active_data,2026-06-25T17:51:35
us_nonfarm_payrolls,美国非农就业新增,global_macro,macro,US,US;Ashare;HK;Rates;FX,external_source,web_search,monthly,5,1,risk_on,US;Ashare;HK;Rates;consumer;labor_sensitive,外部采集：2026年5月，美国季调后非农就业人口新增17.2万人（预期8.5万人）；失业率4.3%，维持不变；3月和4月数据合计上修9.3万人。来源：美国劳工统计局BLS（2026-06-05发布）。单位：千人。,非农新增由兼职或政府部门驱动，而非私人部门全职就业改善；或后续大幅下修。,宏观跨资产因子只用于研究、风控、预测解释和复盘，不直接放宽任何市场交易门禁。,active_data,2026-06-25T16:21:36
us_ism_manufacturing,美国ISM制造业指数,global_macro,macro,US,US;Ashare;HK;Commodities;FX,external_source,web_search,monthly,10,2,risk_on,US;industrial;Commodities;materials;manufacturing,外部采集：2026年5月，美国ISM制造业PMI为54.0（前值52.7），连续5个月处于扩张区间，为2022年5月以来最高值；新订单指数56.8，产出指数54.3。来源：Institute for Supply Management（2026-06-01发布）。单位：指数。,ISM扩张由库存回补或价格预期驱动，而非真实订单改善；或后续快速回落至收缩区间。,宏观跨资产因子只用于研究、风控、预测解释和复盘，不直接放宽任何市场交易门禁。,active_data,2026-06-25T16:21:36
global_silver_spot,国际白银现货,commodities,commodity,Commodities,Commodities;Ashare;FX;Gold,external_source,web_search,daily,5,0,risk_hedge,silver;minor_metals;industrial;Commodities,外部采集：2026-06-25，COMEX白银当月连续(SI00Y)报约57.62美元/盎司（东方财富/COMEX，涨0.23%），6月24日约57.45。来源：东方财富 / CME Group。单位：美元/盎司。,银价由短期投机或工业需求波动驱动；或黄金/美元走势未配合导致传导失效。,宏观跨资产因子只用于研究、风控、预测解释和复盘，不直接放宽任何市场交易门禁。,active_data,2026-06-25T17:51:35
us_ted_spread,TED利差,global_macro,credit,US,US;Ashare;HK;FX;Commodities,macro_seed,marketgraph_macro_cross_asset.py,daily,5,0,risk_off,global_risk_assets;credit_sensitive;banking,宏观跨资产种子：TED利差（3个月美元LIBOR与3个月美国国债收益率之差）是衡量国际金融市场流动性松紧和信用风险的核心指标。正常状态10-50BP，危机时大幅扩大。来源：FRED / Bloomberg / Wind。单位：BP。,TED利差由LIBOR报价机制变化或T-Bill供应扰动驱动，而非真实信用风险变化；或美联储宽松导致利差结构性收窄。,宏观跨资产因子只用于研究、风控、预测解释和复盘，不直接放宽任何市场交易门禁。,active_seed,2026-06-25T16:21:36
global_gold_spot,COMEX黄金现货,commodities,commodity,Commodities,Commodities;Ashare;FX;Gold,external_source,web_search,daily,5,0,risk_hedge,gold;minor_metals;risk_off,外部采集：2026-06-25，COMEX黄金期货主力合约约4009.30美元/盎司（东方财富，跌0.18%），6月24日收盘4016.40（跌3.21%），现货黄金最低触及3964.24。来源：东方财富 / COMEX / 金投网。单位：美元/盎司。,黄金上涨由单日避险驱动且实际利率/美元未配合；或地缘政治快速降温导致避险需求消退。,宏观跨资产因子只用于研究、风控、预测解释和复盘，不直接放宽任何市场交易门禁。,active_data,2026-06-25T17:51:35
eu_hicp_yoy,欧元区HICP同比,global_macro,macro,EUR,EUR;US;Ashare;HK;FX;Rates,external_source,web_search,monthly,10,2,inflation_pressure,EUR;US;Ashare;HK;Rates;FX,外部采集：2026年5月，欧元区调和消费者物价指数(HICP)同比上升3.2%（前值3.0%），为2023年10月以来最高水平；核心HICP同比2.5%（前值2.2%）。来源：欧盟统计局Eurostat（2026-06-02发布）。单位：%。,HICP上行由能源一次性驱动且核心HICP未跟进；或中东冲突缓和导致能源价格快速回落。,宏观跨资产因子只用于研究、风控、预测解释和复盘，不直接放宽任何市场交易门禁。,active_data,2026-06-25T18:30:00
eu_core_hicp_yoy,欧元区核心HICP同比,global_macro,macro,EUR,EUR;US;Ashare;HK;FX;Rates,external_source,web_search,monthly,10,2,inflation_pressure,EUR;US;Ashare;HK;Rates;FX,外部采集：2026年5月，欧元区核心HICP（剔除能源、食品和烟酒）同比上升2.5%，达到一年多来最高水平，前值2.2%。服务业通胀从3.0%加速至3.5%。来源：欧盟统计局Eurostat（2026-06-02发布）。单位：%。,核心HICP由服务业一次性因素驱动且工资增长未跟进；或能源价格回落带动整体通胀快速下降。,宏观跨资产因子只用于研究、风控、预测解释和复盘，不直接放宽任何市场交易门禁。,active_data,2026-06-25T18:30:00
eu_manufacturing_pmi,欧元区制造业PMI,global_macro,macro,EUR,EUR;US;Ashare;HK;Commodities;FX,external_source,web_search,monthly,10,2,risk_on,EUR;Ashare;HK;Commodities;materials;industrial,外部采集：2026年5月，欧元区制造业PMI终值51.6（前值52.2），连续第四个月处于扩张区间，但增长势头因中东冲突引发的供应链中断和价格上涨而减弱。来源：标普全球S&P Global（2026-06-03发布）。单位：指数。,PMI扩张由企业提前囤货驱动而非真实需求改善；或新订单持续萎缩导致后续PMI快速回落至收缩区间。,宏观跨资产因子只用于研究、风控、预测解释和复盘，不直接放宽任何市场交易门禁。,active_data,2026-06-25T18:30:00
eu_composite_pmi,欧元区综合PMI,global_macro,macro,EUR,EUR;US;Ashare;HK;FX,external_source,web_search,monthly,10,2,risk_on,EUR;Ashare;HK;FX;service,外部采集：2026年5月，欧元区综合PMI终值48.5（前值48.8），跌破50荣枯线，服务业PMI从51.0骤降至47.7创63个月新低。企业投入成本创三年半最大月度涨幅，裁员速度达五年半最高。来源：标普全球S&P Global（2026-06-04发布）。单位：指数。,综合PMI收缩但由服务业单一拖累，制造业若持续扩张则经济未必衰退；或6月数据大幅反弹。,宏观跨资产因子只用于研究、风控、预测解释和复盘，不直接放宽任何市场交易门禁。,active_data,2026-06-25T18:30:00
jp_cpi_yoy,日本核心CPI同比,global_macro,macro,JPY,JPY;US;Ashare;HK;FX;Rates,external_source,web_search,monthly,10,2,inflation_pressure,JPY;US;Ashare;HK;Rates;FX;consumer,外部采集：2026年5月，日本核心CPI（剔除生鲜食品）同比上升1.4%，连续57个月同比上涨；核心核心CPI（剔除生鲜食品和能源）同比上升1.8%；整体CPI同比1.5%。来源：日本总务省（2026-06-19发布）/ macromicro.me。单位：%。,CPI由能源补贴退坡等一次性因素驱动；或工资增长未跟进导致通胀不可持续。,宏观跨资产因子只用于研究、风控、预测解释和复盘，不直接放宽任何市场交易门禁。,active_data,2026-06-25T18:30:00
jp_manufacturing_pmi,日本制造业PMI,global_macro,macro,JPY,JPY;US;Ashare;HK;Commodities;FX,external_source,web_search,monthly,10,2,risk_on,JPY;Ashare;HK;Commodities;industrial;manufacturing,外部采集：2026年5月，日本制造业PMI初值54.5（前值55.1），连续处于扩张区间；但服务业PMI初值50.0（前值51），创2025年3月以来新低。投入价格以43个月来最快速度上涨。来源：标普全球S&P Global/金融界（2026-05-21发布）。单位：指数。,PMI由外部订单和出口驱动但国内需求疲软；或日元持续贬值带来的成本压力压缩制造业利润。,宏观跨资产因子只用于研究、风控、预测解释和复盘，不直接放宽任何市场交易门禁。,active_data,2026-06-25T18:30:00
jp_composite_pmi,日本综合PMI,global_macro,macro,JPY,JPY;US;Ashare;HK;FX,external_source,web_search,monthly,10,2,risk_on,JPY;Ashare;HK;FX;service,外部采集：2026年5月，日本综合PMI录得51.1（前值52.2），私营部门经济活动连续第14个月扩张，但创下去年12月以来最低增速。服务业陷入停滞，新订单增速放缓至五个月最低点。来源：证券之星/标普全球（2026-06-03发布）。单位：指数。,综合PMI扩张但仅由制造业支撑，若服务业持续停滞则整体经济动能不足。,宏观跨资产因子只用于研究、风控、预测解释和复盘，不直接放宽任何市场交易门禁。,active_data,2026-06-25T18:30:00
usdjpy_spot,美元兑日元即期,rates_fx,monetary,FX,JPY;US;Ashare;HK;FX;Crypto,external_source,web_search,daily,5,0,risk_off,JPY;US;Ashare;HK;FX;carry_trade;Crypto,外部采集：2026-06-24，USD/JPY收盘161.531（Yahoo Finance），6月23日161.547，6月22日161.433；日元接近40年低点。2026-06-16日央行加息后USD/JPY曾达160.15。来源：Yahoo Finance / 金投外汇网。单位：JPY/USD。,USD/JPY由日本央行干预或政策转向驱动快速回落；或美日利差快速收窄。,宏观跨资产因子只用于研究、风控、预测解释和复盘，不直接放宽任何市场交易门禁。,active_data,2026-06-25T18:30:00
global_bdi_index,波罗的海干散货指数(BDI),global_macro,macro,cross_market,Commodities;Ashare;HK;US;shipping;industrial,external_source,web_search,daily,10,1,risk_on,Commodities;shipping;steel;industrial;Ashare;HK,外部采集：2026-06-25，BDI报2634点（0.00%），为2026年4月20日以来最低水平；近一周跌0.72%，近一月跌11.94%，近三月涨31.63%，近六月涨40.33%，年初至今涨39.96%。6月初曾触及约3200点后持续回落。来源：东方财富 / 同花顺iFinD / 汇通财经 / stockq.org。单位：指数点。,BDI由单一船型（如海岬型）季节性波动驱动而非真实需求；或运力供给扰动导致运费与需求脱钩。,宏观跨资产因子只用于研究、风控、预测解释和复盘，不直接放宽任何市场交易门禁。,active_data,2026-06-25T18:45:00
us_btc_etf_flow,美国比特币现货ETF资金流向,global_macro,monetary,Crypto,Crypto;US;Ashare;HK;high_beta,external_source,web_search,weekly,5,0,risk_on,Crypto;high_beta;US;global_liquidity,外部采集：2026年6月15-18日，美国现货比特币ETF净流出2.27亿美元，以太坊ETF净流出1000万美元；瑞波币净流入1060万美元，Solana净流入710万美元，Hyperliquid净流入2800万美元。2026年5月比特币现货ETF市场净流出24.3亿美元；3月和4月合计净流入32.9亿美元。来源：新浪财经 / The Crypto Basic / CoinGlass。单位：亿美元。,ETF流由单只基金（如GBTC）转换驱动而非整体机构情绪；或期货对冲行为掩盖真实方向。,宏观跨资产因子只用于研究、风控、预测解释和复盘，不直接放宽任何市场交易门禁。,active_data,2026-06-25T18:45:00
global_crypto_exchange_btc,交易所比特币总余额,global_macro,monetary,Crypto,Crypto;US;Ashare;HK;high_beta,external_source,web_search,daily,5,0,risk_off,Crypto;high_beta;global_liquidity,"外部采集：2026-04-13，据Coinglass数据，各大加密货币交易所比特币总余额约2,446,317.41枚（约244.6万枚），过去7天累计净流出5,429.77枚BTC。来源：Coinglass / ChainCatcher。单位：枚BTC。",交易所余额由监管要求或托管服务转移驱动，而非投资者持仓行为；或数据覆盖不全导致统计偏差。,宏观跨资产因子只用于研究、风控、预测解释和复盘，不直接放宽任何市场交易门禁。,active_data,2026-06-25T18:45:00
